<advpciai>
	<board id="4">
		<channel_0 ch="ai-1-105" type="ai" chan="0" gaincode="18" trigmode="0" offset="0,0024414" mult="200"></channel_0>
		<channel_1 ch="ai-2-105" type="ai" chan="1" gaincode="18" trigmode="0" offset="0,0024414" mult="200"></channel_1>
		<channel_2 ch="ai-1-176" type="ai" chan="2" gaincode="18" trigmode="0" offset="0,0024414" mult="600"></channel_2>
		<channel_3 ch="ai-2-176" type="ai" chan="3" gaincode="18" trigmode="0" offset="0,0024414" mult="600"></channel_3>
		<channel_4 ch="ai-3-176" type="ai" chan="4" gaincode="18" trigmode="0" offset="0,0024414" mult="600"></channel_4>		
		<channel_5 ch="ai-1-925" type="ai" chan="5" gaincode="18" trigmode="0" offset="0,0024414" mult="1000"></channel_5>
		<channel_6 ch="ai-2-925" type="ai" chan="6" gaincode="18" trigmode="0" offset="0,0024414" mult="1000"></channel_6>
		<channel_7 ch="ai-3-925" type="ai" chan="7" gaincode="18" trigmode="0" offset="0,0024414" mult="1000"></channel_7>
		<channel_8 ch="ai-4-925" type="ai" chan="8" gaincode="18" trigmode="0" offset="0,0024414" mult="1000"></channel_8>
		<channel_9 ch="ai-5-925" type="ai" chan="9" gaincode="18" trigmode="0" offset="0,0024414" mult="1000"></channel_9>
		<channel_10 ch="ai-6-925" type="ai" chan="10" gaincode="18" trigmode="0" offset="0,0024414" mult="1000"></channel_10>
		<channel_11 ch="ai-9-925" type="ai" chan="11" gaincode="18" trigmode="0" offset="0,0024414" mult="3000"></channel_11>
		<channel_12 ch="ai-961" type="ai" chan="12" gaincode="18" trigmode="0" offset="0,0024414" mult="3000"></channel_12>
		<channel_13 ch="ai-963" type="ai" chan="13" gaincode="18" trigmode="0" offset="0,0024414" mult="3000"></channel_13>
	</board>
</advpciai>