<advpcidio>
	<board id="3">
		<channel_0 ch="di-3-913" mode="r" diop="0" dioc="1" ptc="10"></channel_0>
		<channel_1 ch="di-3-911-4" mode="r" diop="0" dioc="2" ptc="10"></channel_1>
		<channel_2 ch="di-3-911-3" mode="r" diop="0" dioc="3" ptc="10"></channel_2>
		<channel_3 ch="di-3-911-2" mode="r" diop="0" dioc="4" ptc="10"></channel_3>
		<channel_4 ch="di-3-911-1" mode="r" diop="0" dioc="5" ptc="10"></channel_4>
		<channel_5 ch="di-952" mode="r" diop="0" dioc="6" ptc="10"></channel_5>
		<channel_6 ch="di-954" mode="r" diop="0" dioc="7" ptc="10"></channel_6>
		<channel_7 ch="di-951" mode="r" diop="0" dioc="8" ptc="10"></channel_7>
		<channel_10 ch="di-937" mode="r" diop="1" dioc="3" ptc="10"></channel_10>
		<channel_11 ch="di-925" mode="r" diop="1" dioc="4" ptc="10"></channel_11>
		<channel_12 ch="di-929" mode="r" diop="1" dioc="5" ptc="10"></channel_12>
		<channel_13 ch="di-927" mode="r" diop="1" dioc="6" ptc="10"></channel_13>
		<channel_14 ch="di-941" mode="r" diop="1" dioc="7" ptc="10"></channel_14>
		<channel_15 ch="di-923-1" mode="r" diop="1" dioc="8" ptc="10"></channel_15>		
		<channel_16 ch="di-2-923" mode="r" diop="2" dioc="1" ptc="10"></channel_16>
		<channel_17 ch="di-2-920" mode="r" diop="2" dioc="2" ptc="10"></channel_17>
		<channel_18 ch="di-2-917-2" mode="r" diop="2" dioc="3" ptc="10"></channel_18>
		<channel_19 ch="di-2-915" mode="r" diop="2" dioc="4" ptc="10"></channel_19>
		<channel_20 ch="di-2-921" mode="r" diop="2" dioc="5" ptc="10"></channel_20>
		<channel_21 ch="di-2-917-1" mode="r" diop="2" dioc="6" ptc="10"></channel_21>
		<channel_22 ch="di-2-917-3" mode="r" diop="2" dioc="7" ptc="10"></channel_22>
		<channel_23 ch="di-2-919" mode="r" diop="2" dioc="8" ptc="10"></channel_23>
		<channel_24 ch="di-1-923" mode="r" diop="3" dioc="1" ptc="10"></channel_24>
		<channel_25 ch="di-1-920" mode="r" diop="3" dioc="2" ptc="10"></channel_25>
		<channel_26 ch="di-1-917-2" mode="r" diop="3" dioc="3" ptc="10"></channel_26>
		<channel_27 ch="di-1-915" mode="r" diop="3" dioc="4" ptc="10"></channel_27>
		<channel_28 ch="di-1-921" mode="r" diop="3" dioc="5" ptc="10"></channel_28>
		<channel_29 ch="di-1-917-1" mode="r" diop="3" dioc="6" ptc="10"></channel_29>
		<channel_30 ch="di-1-917-3" mode="r" diop="3" dioc="7" ptc="10"></channel_30>
		<channel_31 ch="di-1-919" mode="r" diop="3" dioc="8" ptc="10"></channel_31>
	</board>

	<board id="0">
		<channel_0 ch="di-9-923" mode="r" diop="0" dioc="1" ptc="10"></channel_0>
		<channel_1 ch="di-9-920" mode="r" diop="0" dioc="2" ptc="10"></channel_1>
		<channel_2 ch="di-9-917-2" mode="r" diop="0" dioc="3" ptc="10"></channel_2>
		<channel_3 ch="di-9-915" mode="r" diop="0" dioc="4" ptc="10"></channel_3>
		<channel_4 ch="di-9-921" mode="r" diop="0" dioc="5" ptc="10"></channel_4>
		<channel_5 ch="di-9-917-1" mode="r" diop="0" dioc="6" ptc="10"></channel_5>
		<channel_6 ch="di-9-917-3" mode="r" diop="0" dioc="7" ptc="10"></channel_6>
		<channel_7 ch="di-9-919" mode="r" diop="0" dioc="8" ptc="10"></channel_7>		
		<channel_9 ch="di-2-907-2" mode="r" diop="1" dioc="2" ptc="10"></channel_9>
		<channel_10 ch="di-2-905" mode="r" diop="1" dioc="3" ptc="10"></channel_10>
		<channel_11 ch="di-2-907-1" mode="r" diop="1" dioc="4" ptc="10"></channel_11>
		<channel_12 ch="di-1-906" mode="r" diop="1" dioc="5" ptc="10"></channel_12>
		<channel_13 ch="di-1-907-2" mode="r" diop="1" dioc="6" ptc="10"></channel_13>
		<channel_14 ch="di-1-905" mode="r" diop="1" dioc="7" ptc="10"></channel_14>
		<channel_15 ch="di-1-907-1" mode="r" diop="1" dioc="8" ptc="10"></channel_15>
		<channel_16 ch="di-4-923" mode="r" diop="2" dioc="1" ptc="10"></channel_16>
		<channel_17 ch="di-4-920" mode="r" diop="2" dioc="2" ptc="10"></channel_17>
		<channel_18 ch="di-4-917-2" mode="r" diop="2" dioc="3" ptc="10"></channel_18>
		<channel_19 ch="di-4-915" mode="r" diop="2" dioc="4" ptc="10"></channel_19>
		<channel_20 ch="di-4-921" mode="r" diop="2" dioc="6" ptc="10"></channel_20>
		<channel_21 ch="di-4-917-1" mode="r" diop="2" dioc="5" ptc="10"></channel_21>
		<channel_22 ch="di-4-917-3" mode="r" diop="2" dioc="8" ptc="10"></channel_22>
		<channel_23 ch="di-4-919" mode="r" diop="2" dioc="7" ptc="10"></channel_23>
		<channel_24 ch="di-3-923" mode="r" diop="3" dioc="1" ptc="10"></channel_24>		
		<channel_25 ch="di-3-920" mode="r" diop="3" dioc="2" ptc="10"></channel_25>
		<channel_26 ch="di-3-917-2" mode="r" diop="3" dioc="3" ptc="10"></channel_26>
		<channel_27 ch="di-3-915" mode="r" diop="3" dioc="4" ptc="10"></channel_27>
		<channel_28 ch="di-3-921" mode="r" diop="3" dioc="5" ptc="10"></channel_28>
		<channel_29 ch="di-3-917-1" mode="r" diop="3" dioc="6" ptc="10"></channel_29>
		<channel_30 ch="di-3-917-3" mode="r" diop="3" dioc="7" ptc="10"></channel_30>
		<channel_31 ch="di-3-919" mode="r" diop="3" dioc="8" ptc="10"></channel_31>
	</board>

	<board id="1">
		<channel_0 ch="di-924" mode="r" diop="0" dioc="1" ptc="10"></channel_0>
		<channel_1 ch="di-923-2" mode="r" diop="0" dioc="2" ptc="10"></channel_1>
		<channel_6 ch="di-2-913" mode="r" diop="0" dioc="7" ptc="10"></channel_6>
		<channel_7 ch="di-2-911-4" mode="r" diop="0" dioc="8" ptc="10"></channel_7>
		<channel_8 ch="di-2-911-3" mode="r" diop="1" dioc="1" ptc="10"></channel_8>
		<channel_9 ch="di-2-911-2" mode="r" diop="1" dioc="2" ptc="10"></channel_9>
		<channel_10 ch="di-2-911-1" mode="r" diop="1" dioc="3" ptc="10"></channel_10>
		<channel_11 ch="di-1-913" mode="r" diop="1" dioc="4" ptc="10"></channel_11>
		<channel_12 ch="di-1-911-4" mode="r" diop="1" dioc="5" ptc="10"></channel_12>
		<channel_13 ch="di-1-911-3" mode="r" diop="1" dioc="6" ptc="10"></channel_13>
		<channel_14 ch="di-1-911-2" mode="r" diop="1" dioc="7" ptc="10"></channel_14>
		<channel_15 ch="di-1-911-1" mode="r" diop="1" dioc="8" ptc="10"></channel_15>
		<channel_16 ch="di-6-923" mode="r" diop="2" dioc="1" ptc="10"></channel_16>
		<channel_17 ch="di-6-920" mode="r" diop="2" dioc="2" ptc="10"></channel_17>
		<channel_18 ch="di-6-917-2" mode="r" diop="2" dioc="3" ptc="10"></channel_18>
		<channel_19 ch="di-6-915" mode="r" diop="2" dioc="4" ptc="10"></channel_19>
		<channel_20 ch="di-6-921" mode="r" diop="2" dioc="5" ptc="10"></channel_20>
		<channel_21 ch="di-6-917-1" mode="r" diop="2" dioc="6" ptc="10"></channel_21>
		<channel_22 ch="di-6-917-3" mode="r" diop="2" dioc="7" ptc="10"></channel_22>
		<channel_23 ch="di-6-919" mode="r" diop="2" dioc="8" ptc="10"></channel_23>
		<channel_24 ch="di-5-923" mode="r" diop="3" dioc="1" ptc="10"></channel_24>
		<channel_25 ch="di-5-920" mode="r" diop="3" dioc="2" ptc="10"></channel_25>
		<channel_26 ch="di-5-917-2" mode="r" diop="3" dioc="3" ptc="10"></channel_26>
		<channel_27 ch="di-5-915" mode="r" diop="3" dioc="4" ptc="10"></channel_27>
		<channel_28 ch="di-5-921" mode="r" diop="3" dioc="5" ptc="10"></channel_28>
		<channel_29 ch="di-5-917-1" mode="r" diop="3" dioc="6" ptc="10"></channel_29>
		<channel_30 ch="di-5-917-3" mode="r" diop="3" dioc="7" ptc="10"></channel_30>
		<channel_31 ch="di-5-919" mode="r" diop="3" dioc="8" ptc="10"></channel_31>
	</board>

	<board id="4" use_ch_freeze="1">
		<channel_0 ch="do-pwr" mode="w" diop="0" dioc="1"></channel_0>
	</board>

	<board id="2" use_ch_freeze="1">
		<channel_0 ch="do-1-65" mode="w" diop="0" dioc="1"></channel_0>
		<channel_1 ch="do-2-65" mode="w" diop="0" dioc="2"></channel_1>
		<channel_2 ch="do-1-52" mode="w" diop="0" dioc="3"></channel_2>
		<channel_3 ch="do-2-52" mode="w" diop="0" dioc="4"></channel_3>
		<channel_4 ch="do-3-52" mode="w" diop="0" dioc="5"></channel_4>
		<channel_5 ch="do-foo-1" mode="w" diop="0" dioc="6"></channel_5>
		<channel_6 ch="do-foo-2" mode="w" diop="0" dioc="7"></channel_6>
		<channel_7 ch="do-foo-3" mode="w" diop="0" dioc="8"></channel_7>
		<channel_8 ch="do-1-64" mode="w" diop="1" dioc="1"></channel_8>
		<channel_9 ch="do-2-64" mode="w" diop="1" dioc="2"></channel_9>
		<channel_10 ch="do-1-58" mode="w" diop="1" dioc="3"></channel_10>
		<channel_11 ch="do-2-58" mode="w" diop="1" dioc="4"></channel_11>
		<channel_12 ch="do-3-58" mode="w" diop="1" dioc="5"></channel_12>
		<channel_13 ch="do-foo-4" mode="w" diop="1" dioc="6"></channel_13>
		<channel_14 ch="do-foo-5" mode="w" diop="1" dioc="7"></channel_14>
		<channel_15 ch="do-foo-6" mode="w" diop="1" dioc="8"></channel_15>
		<channel_16 ch="do-1-309" mode="w" diop="2" dioc="1"></channel_16>
		<channel_17 ch="do-2-309" mode="w" diop="2" dioc="2"></channel_17>
		<channel_18 ch="do-3-309" mode="w" diop="2" dioc="3"></channel_18>
		<channel_19 ch="do-4-309" mode="w" diop="2" dioc="4"></channel_19>
		<channel_20 ch="do-5-309" mode="w" diop="2" dioc="5"></channel_20>
		<channel_21 ch="do-6-309" mode="w" diop="2" dioc="6"></channel_21>
		<channel_22 ch="do-9-309" mode="w" diop="2" dioc="7"></channel_22>
		<channel_23 ch="do-foo-7" mode="w" diop="2" dioc="8"></channel_23>
		<channel_24 ch="do-1-311" mode="w" diop="3" dioc="1"></channel_24>
		<channel_25 ch="do-2-311" mode="w" diop="3" dioc="3"></channel_25>
		<channel_26 ch="do-3-311" mode="w" diop="3" dioc="2"></channel_26>
		<channel_27 ch="do-4-311" mode="w" diop="3" dioc="4"></channel_27>
		<channel_28 ch="do-5-311" mode="w" diop="3" dioc="5"></channel_28>
		<channel_29 ch="do-6-311" mode="w" diop="3" dioc="6"></channel_29>		
		<channel_30 ch="do-9-311" mode="w" diop="3" dioc="7"></channel_30>
		<channel_31 ch="do-foo-8" mode="w" diop="3" dioc="8"></channel_31>
		<channel_32 ch="do-1-218" mode="w" diop="4" dioc="1"></channel_32>
		<channel_33 ch="do-2-218" mode="w" diop="4" dioc="2"></channel_33>
		<channel_34 ch="do-3-218" mode="w" diop="4" dioc="3"></channel_34>
		<channel_35 ch="do-4-218" mode="w" diop="4" dioc="4"></channel_35>
		<channel_36 ch="do-5-218" mode="w" diop="4" dioc="5"></channel_36>
		<channel_37 ch="do-6-218" mode="w" diop="4" dioc="6"></channel_37>
		<channel_38 ch="do-9-218" mode="w" diop="4" dioc="7"></channel_38>
		<channel_39 ch="do-foo-9" mode="w" diop="4" dioc="8"></channel_39>
		<channel_40 ch="do-1-b206" mode="w" diop="5" dioc="1"></channel_40>
		<channel_41 ch="do-2-b206" mode="w" diop="5" dioc="2"></channel_41>
		<channel_42 ch="do-3-b206" mode="w" diop="5" dioc="3"></channel_42>
		<channel_43 ch="do-4-b206" mode="w" diop="5" dioc="4"></channel_43>
		<channel_44 ch="do-5-b206" mode="w" diop="5" dioc="5"></channel_44>
		<channel_45 ch="do-6-b206" mode="w" diop="5" dioc="6"></channel_45>
		<channel_46 ch="do-9-b206" mode="w" diop="5" dioc="7"></channel_46>
		<channel_47 ch="do-foo-10" mode="w" diop="5" dioc="8"></channel_47>
		<channel_48 ch="do-1-250" mode="w" diop="6" dioc="1"></channel_48>
		<channel_49 ch="do-2-250" mode="w" diop="6" dioc="2"></channel_49>
		<channel_50 ch="do-3-250" mode="w" diop="6" dioc="3"></channel_50>
		<channel_51 ch="do-4-250" mode="w" diop="6" dioc="4"></channel_51>
		<channel_52 ch="do-5-250" mode="w" diop="6" dioc="5"></channel_52>
		<channel_53 ch="do-6-250" mode="w" diop="6" dioc="6"></channel_53>
		<channel_54 ch="do-9-250" mode="w" diop="6" dioc="7"></channel_54>
		<channel_55 ch="do-foo-11" mode="w" diop="6" dioc="8"></channel_55>
		<channel_56 ch="do-1-63" mode="w" diop="7" dioc="1"></channel_56>
		<channel_57 ch="do-2-63" mode="w" diop="7" dioc="2"></channel_57>
		<channel_58 ch="do-3-63" mode="w" diop="7" dioc="3"></channel_58>
		<channel_59 ch="do-4-63" mode="w" diop="7" dioc="4"></channel_59>
		<channel_60 ch="do-5-63" mode="w" diop="7" dioc="5"></channel_60>
		<channel_61 ch="do-6-63" mode="w" diop="7" dioc="6"></channel_61>
		<channel_62 ch="do-9-63" mode="w" diop="7" dioc="7"></channel_62>
		<channel_63 ch="do-foo-12" mode="w" diop="7" dioc="8"></channel_63>
	</board>

	<gate dt="648"/>

</advpcidio>