<config>
<channels>
	<channel ch="enmeter1" commidx="1" idx="0" mode="r" type="f" />
	<channel ch="enmeter2" commidx="0" idx="0" mode="r" type="f" />
	<channel ch="cn_cc301-1" commidx="1" idx="555" mode="r" type="i" />
	<channel ch="cn_cc301-2" commidx="0" idx="555" mode="r" type="i" />
</channels>

<comm>
	<port idx="0" baud="19200" parity="2" stopbits="0" pass1="00000000" pass2="00000000">COM1</port>
	<port idx="1" baud="19200" parity="2" stopbits="0" pass1="00000000" pass2="00000000">COM2</port>
</comm>

<threading>
	<mintimeout>20</mintimeout>
	<maxtimeout>180</maxtimeout>
	<delta>20</delta>
</threading>
</config>