<config>
	<server>
		<bind port="1233">0.0.0.0</bind>
		<maxclients>10</maxclients>
		<conntimeout cinterval="10000">30000</conntimeout>
	</server>

	<roles>
		<sa>123</sa>
		<op>123</op>
	</roles>


	<modules>
		<module>c:\Program Files\Exst\advpcidio.dll</module>
		<module>c:\Program Files\Exst\advpciai.dll</module>
		<module>c:\Program Files\Exst\fooio.dll</module>
		<module>c:\Program Files\Exst\cc301.dll</module>
	</modules>

	<channels>
		<channel snmpnode="255" snmpmode="r" ch="event" type="s" triggerto="1000"></channel>
		<channel ch="di-3-913" type="i" triggerto="1000"><sa>list,read</sa><op>list,read</op></channel>
		<channel ch="di-3-911-4" type="i" triggerto="1000"><sa>list,read</sa><op>list,read</op></channel>
		<channel ch="di-3-911-3" type="i" triggerto="1000"><sa>list,read</sa><op>list,read</op></channel>
		<channel ch="di-3-911-2" type="i" triggerto="1000"><sa>list,read</sa><op>list,read</op></channel>
		<channel ch="di-3-911-1" type="i" triggerto="1000"><sa>list,read</sa><op>list,read</op></channel>
		<channel ch="di-954" type="i" triggerto="1000"><sa>list,read</sa><op>list,read</op></channel>
		<channel ch="di-952" type="i" triggerto="1000"><sa>list,read</sa><op>list,read</op></channel>
		<channel ch="di-951" type="i" triggerto="1000"><sa>list,read</sa><op>list,read</op></channel>
		<channel ch="di-937" type="i" triggerto="1000"><sa>list,read</sa><op>list,read</op></channel>
		<channel ch="di-925" type="i" triggerto="1000"><sa>list,read</sa><op>list,read</op></channel>
		<channel ch="di-929" type="i" triggerto="1000"><sa>list,read</sa><op>list,read</op></channel>
		<channel ch="di-927" type="i" triggerto="1000"><sa>list,read</sa><op>list,read</op></channel>
		<channel ch="di-941" type="i" triggerto="1000"><sa>list,read</sa><op>list,read</op></channel>
		<channel ch="di-923-1" type="i" triggerto="1000"><sa>list,read</sa><op>list,read</op></channel>
		<channel ch="di-923-2" type="i" triggerto="1000"><sa>list,read</sa><op>list,read</op></channel>
		<channel ch="di-924" type="i" triggerto="1000"><sa>list,read</sa><op>list,read</op></channel>
		<channel ch="di-2-923" type="i" triggerto="1000"><sa>list,read</sa><op>list,read</op></channel>
		<channel ch="di-2-920" type="i" triggerto="1000"><sa>list,read</sa><op>list,read</op></channel>
		<channel ch="di-2-917-2" type="i" triggerto="1000"><sa>list,read</sa><op>list,read</op></channel>
		<channel ch="di-2-915" type="i" triggerto="1000"><sa>list,read</sa><op>list,read</op></channel>
		<channel ch="di-2-921" type="i" triggerto="1000"><sa>list,read</sa><op>list,read</op></channel>
		<channel ch="di-2-917-1" type="i" triggerto="1000"><sa>list,read</sa><op>list,read</op></channel>
		<channel ch="di-2-917-3" type="i" triggerto="1000"><sa>list,read</sa><op>list,read</op></channel>
		<channel ch="di-2-919" type="i" triggerto="1000"><sa>list,read</sa><op>list,read</op></channel>
		<channel ch="di-1-923" type="i" triggerto="1000"><sa>list,read</sa><op>list,read</op></channel>
		<channel ch="di-1-920" type="i" triggerto="1000"><sa>list,read</sa><op>list,read</op></channel>
		<channel ch="di-1-917-2" type="i" triggerto="1000"><sa>list,read</sa><op>list,read</op></channel>		
		<channel ch="di-1-915" type="i" triggerto="1000"><sa>list,read</sa><op>list,read</op></channel>
		<channel ch="di-1-921" type="i" triggerto="1000"><sa>list,read</sa><op>list,read</op></channel>
		<channel ch="di-1-917-1" type="i" triggerto="1000"><sa>list,read</sa><op>list,read</op></channel>
		<channel ch="di-1-917-3" type="i" triggerto="1000"><sa>list,read</sa><op>list,read</op></channel>
		<channel ch="di-1-919" type="i" triggerto="1000"><sa>list,read</sa><op>list,read</op></channel>
		<channel ch="di-9-923" type="i" triggerto="1000"><sa>list,read</sa><op>list,read</op></channel>
		<channel ch="di-9-920" type="i" triggerto="1000"><sa>list,read</sa><op>list,read</op></channel>
		<channel ch="di-9-917-2" type="i" triggerto="1000"><sa>list,read</sa><op>list,read</op></channel>
		<channel ch="di-9-915" type="i" triggerto="1000"><sa>list,read</sa><op>list,read</op></channel>
		<channel ch="di-9-921" type="i" triggerto="1000"><sa>list,read</sa><op>list,read</op></channel>
		<channel ch="di-9-917-1" type="i" triggerto="1000"><sa>list,read</sa><op>list,read</op></channel>
		<channel ch="di-9-917-3" type="i" triggerto="1000"><sa>list,read</sa><op>list,read</op></channel>
		<channel ch="di-9-919" type="i" triggerto="1000"><sa>list,read</sa><op>list,read</op></channel>
		<channel ch="di-2-905" type="i" triggerto="1000"><sa>list,read</sa><op>list,read</op></channel>
		<channel ch="di-2-907-2" type="i" triggerto="1000"><sa>list,read</sa><op>list,read</op></channel>
		<channel ch="di-2-907-1" type="i" triggerto="1000"><sa>list,read</sa><op>list,read</op></channel>
		<channel ch="di-1-906" type="i" triggerto="1000"><sa>list,read</sa><op>list,read</op></channel>
		<channel ch="di-1-907-2" type="i" triggerto="1000"><sa>list,read</sa><op>list,read</op></channel>
		<channel ch="di-1-905" type="i" triggerto="1000"><sa>list,read</sa><op>list,read</op></channel>
		<channel ch="di-1-907-1" type="i" triggerto="1000"><sa>list,read</sa><op>list,read</op></channel>
		<channel ch="di-4-923" type="i" triggerto="1000"><sa>list,read</sa><op>list,read</op></channel>
		<channel ch="di-4-920" type="i" triggerto="1000"><sa>list,read</sa><op>list,read</op></channel>
		<channel ch="di-4-917-2" type="i" triggerto="1000"><sa>list,read</sa><op>list,read</op></channel>
		<channel ch="di-4-915" type="i" triggerto="1000"><sa>list,read</sa><op>list,read</op></channel>
		<channel ch="di-4-921" type="i" triggerto="1000"><sa>list,read</sa><op>list,read</op></channel>
		<channel ch="di-4-917-1" type="i" triggerto="1000"><sa>list,read</sa><op>list,read</op></channel>
		<channel ch="di-4-917-3" type="i" triggerto="1000"><sa>list,read</sa><op>list,read</op></channel>
		<channel ch="di-4-919" type="i" triggerto="1000"><sa>list,read</sa><op>list,read</op></channel>
		<channel ch="di-3-923" type="i" triggerto="1000"><sa>list,read</sa><op>list,read</op></channel>
		<channel ch="di-3-920" type="i" triggerto="1000"><sa>list,read</sa><op>list,read</op></channel>
		<channel ch="di-3-917-2" type="i" triggerto="1000"><sa>list,read</sa><op>list,read</op></channel>
		<channel ch="di-3-915" type="i" triggerto="1000"><sa>list,read</sa><op>list,read</op></channel>
		<channel ch="di-3-921" type="i" triggerto="1000"><sa>list,read</sa><op>list,read</op></channel>
		<channel ch="di-3-917-1" type="i" triggerto="1000"><sa>list,read</sa><op>list,read</op></channel>
		<channel ch="di-3-917-3" type="i" triggerto="1000"><sa>list,read</sa><op>list,read</op></channel>
		<channel ch="di-3-919" type="i" triggerto="1000"><sa>list,read</sa><op>list,read</op></channel>
		<channel ch="di-2-913" type="i" triggerto="1000"><sa>list,read</sa><op>list,read</op></channel>
		<channel ch="di-2-911-4" type="i" triggerto="1000"><sa>list,read</sa><op>list,read</op></channel>
		<channel ch="di-2-911-3" type="i" triggerto="1000"><sa>list,read</sa><op>list,read</op></channel>
		<channel ch="di-2-911-2" type="i" triggerto="1000"><sa>list,read</sa><op>list,read</op></channel>
		<channel ch="di-2-911-1" type="i" triggerto="1000"><sa>list,read</sa><op>list,read</op></channel>
		<channel ch="di-1-913" type="i" triggerto="1000"><sa>list,read</sa><op>list,read</op></channel>
		<channel ch="di-1-911-4" type="i" triggerto="1000"><sa>list,read</sa><op>list,read</op></channel>
		<channel ch="di-1-911-3" type="i" triggerto="1000"><sa>list,read</sa><op>list,read</op></channel>
		<channel ch="di-1-911-2" type="i" triggerto="1000"><sa>list,read</sa><op>list,read</op></channel>
		<channel ch="di-1-911-1" type="i" triggerto="1000"><sa>list,read</sa><op>list,read</op></channel>
		<channel ch="di-6-923" type="i" triggerto="1000"><sa>list,read</sa><op>list,read</op></channel>
		<channel ch="di-6-920" type="i" triggerto="1000"><sa>list,read</sa><op>list,read</op></channel>
		<channel ch="di-6-917-2" type="i" triggerto="1000"><sa>list,read</sa><op>list,read</op></channel>
		<channel ch="di-6-915" type="i" triggerto="1000"><sa>list,read</sa><op>list,read</op></channel>
		<channel ch="di-6-921" type="i" triggerto="1000"><sa>list,read</sa><op>list,read</op></channel>
		<channel ch="di-6-917-1" type="i" triggerto="1000"><sa>list,read</sa><op>list,read</op></channel>
		<channel ch="di-6-917-3" type="i" triggerto="1000"><sa>list,read</sa><op>list,read</op></channel>
		<channel ch="di-6-919" type="i" triggerto="1000"><sa>list,read</sa><op>list,read</op></channel>
		<channel ch="di-5-923" type="i" triggerto="1000"><sa>list,read</sa><op>list,read</op></channel>
		<channel ch="di-5-920" type="i" triggerto="1000"><sa>list,read</sa><op>list,read</op></channel>
		<channel ch="di-5-917-2" type="i"triggerto="1000"><sa>list,read</sa><op>list,read</op></channel>
		<channel ch="di-5-915" type="i" triggerto="1000"><sa>list,read</sa><op>list,read</op></channel>
		<channel ch="di-5-921" type="i" triggerto="1000"><sa>list,read</sa><op>list,read</op></channel>
		<channel ch="di-5-917-1" type="i" triggerto="1000"><sa>list,read</sa><op>list,read</op></channel>
		<channel ch="di-5-917-3" type="i" triggerto="1000"><sa>list,read</sa><op>list,read</op></channel>
		<channel ch="di-5-919" type="i" triggerto="1000"><sa>list,read</sa><op>list,read</op></channel>
		<channel ch="ai-1-105" type="f" triggerto="1000"><sa>list,read</sa><op>list,read</op></channel>
		<channel ch="ai-2-105" type="f" triggerto="1000"><sa>list,read</sa><op>list,read</op></channel>
		<channel ch="ai-1-176" type="f" triggerto="1000"><sa>list,read</sa><op>list,read</op></channel>
		<channel ch="ai-2-176" type="f" triggerto="1000"><sa>list,read</sa><op>list,read</op></channel>
		<channel ch="ai-3-176" type="f" triggerto="1000"><sa>list,read</sa><op>list,read</op></channel>
		<channel ch="ai-1-925" type="f" triggerto="1000"><sa>list,read</sa><op>list,read</op></channel>
		<channel ch="ai-2-925" type="f" triggerto="1000"><sa>list,read</sa><op>list,read</op></channel>
		<channel ch="ai-3-925" type="f" triggerto="1000"><sa>list,read</sa><op>list,read</op></channel>
		<channel ch="ai-4-925" type="f" triggerto="1000"><sa>list,read</sa><op>list,read</op></channel>
		<channel ch="ai-5-925" type="f" triggerto="1000"><sa>list,read</sa><op>list,read</op></channel>
		<channel ch="ai-6-925" type="f" triggerto="1000"><sa>list,read</sa><op>list,read</op></channel>
		<channel ch="ai-9-925" type="f" triggerto="1000"><sa>list,read</sa><op>list,read</op></channel>
		<channel ch="ai-961" type="f" triggerto="1000"><sa>list,read</sa><op>list,read</op></channel>
		<channel ch="ai-963" type="f" triggerto="1000"><sa>list,read</sa><op>list,read</op></channel>
		<channel ch="do-1-65" type="i" triggerto="1000"><sa>list,write</sa></channel>
		<channel ch="do-2-65" type="i" triggerto="1000"><sa>list,write</sa></channel>
		<channel ch="do-1-52" type="i" triggerto="1000"><sa>list,write</sa></channel>
		<channel ch="do-2-52" type="i" triggerto="1000"><sa>list,write</sa></channel>
		<channel ch="do-3-52" type="i" triggerto="1000"><sa>list,write</sa></channel>
		<channel ch="do-1-64" type="i" triggerto="1000"><sa>list,write</sa></channel>
		<channel ch="do-2-64" type="i" triggerto="1000"><sa>list,write</sa></channel>
		<channel ch="do-1-58" type="i" triggerto="1000"><sa>list,write</sa></channel>
		<channel ch="do-2-58" type="i" triggerto="1000"><sa>list,write</sa></channel>
		<channel ch="do-3-58" type="i" triggerto="1000"><sa>list,write</sa></channel>
		<channel ch="do-1-309" type="i" triggerto="1000"><sa>list,write</sa></channel>
		<channel ch="do-2-309" type="i" triggerto="1000"><sa>list,write</sa></channel>
		<channel ch="do-3-309" type="i" triggerto="1000"><sa>list,write</sa></channel>
		<channel ch="do-4-309" type="i" triggerto="1000"><sa>list,write</sa></channel>
		<channel ch="do-5-309" type="i" triggerto="1000"><sa>list,write</sa></channel>
		<channel ch="do-6-309" type="i" triggerto="1000"><sa>list,write</sa></channel>
		<channel ch="do-9-309" type="i" triggerto="1000"><sa>list,write</sa></channel>
		<channel ch="do-1-311" type="i" triggerto="1000"><sa>list,write</sa></channel>
		<channel ch="do-2-311" type="i" triggerto="1000"><sa>list,write</sa></channel>
		<channel ch="do-3-311" type="i" triggerto="1000"><sa>list,write</sa></channel>
		<channel ch="do-4-311" type="i" triggerto="1000"><sa>list,write</sa></channel>
		<channel ch="do-5-311" type="i" triggerto="1000"><sa>list,write</sa></channel>
		<channel ch="do-6-311" type="i" triggerto="1000"><sa>list,write</sa></channel>
		<channel ch="do-9-311" type="i" triggerto="1000"><sa>list,write</sa></channel>
		<channel ch="do-1-218" type="i" triggerto="1000"><sa>list,write</sa></channel>
		<channel ch="do-2-218" type="i" triggerto="1000"><sa>list,write</sa></channel>
		<channel ch="do-3-218" type="i" triggerto="1000"><sa>list,write</sa></channel>
		<channel ch="do-4-218" type="i" triggerto="1000"><sa>list,write</sa></channel>
		<channel ch="do-5-218" type="i" triggerto="1000"><sa>list,write</sa></channel>
		<channel ch="do-6-218" type="i" triggerto="1000"><sa>list,write</sa></channel>
		<channel ch="do-9-218" type="i" triggerto="1000"><sa>list,write</sa></channel>
		<channel ch="do-1-b206" type="i" triggerto="1000"><sa>list,write</sa></channel>
		<channel ch="do-2-b206" type="i" triggerto="1000"><sa>list,write</sa></channel>
		<channel ch="do-3-b206" type="i" triggerto="1000"><sa>list,write</sa></channel>
		<channel ch="do-4-b206" type="i" triggerto="1000"><sa>list,write</sa></channel>
		<channel ch="do-5-b206" type="i" triggerto="1000"><sa>list,write</sa></channel>
		<channel ch="do-6-b206" type="i" triggerto="1000"><sa>list,write</sa></channel>
		<channel ch="do-9-b206" type="i" triggerto="1000"><sa>list,write</sa></channel>
		<channel ch="do-1-250" type="i" triggerto="1000"><sa>list,write</sa></channel>
		<channel ch="do-2-250" type="i" triggerto="1000"><sa>list,write</sa></channel>
		<channel ch="do-3-250" type="i" triggerto="1000"><sa>list,write</sa></channel>
		<channel ch="do-4-250" type="i" triggerto="1000"><sa>list,write</sa></channel>
		<channel ch="do-5-250" type="i" triggerto="1000"><sa>list,write</sa></channel>
		<channel ch="do-6-250" type="i" triggerto="1000"><sa>list,write</sa></channel>
		<channel ch="do-9-250" type="i" triggerto="1000"><sa>list,write</sa></channel>
		<channel ch="do-1-63" type="i" triggerto="1000"><sa>list,write</sa></channel>
		<channel ch="do-2-63" type="i" triggerto="1000"><sa>list,write</sa></channel>
		<channel ch="do-3-63" type="i" triggerto="1000"><sa>list,write</sa></channel>
		<channel ch="do-4-63" type="i" triggerto="1000"><sa>list,write</sa></channel>
		<channel ch="do-5-63" type="i" triggerto="1000"><sa>list,write</sa></channel>
		<channel ch="do-pwr" type="i" triggerto="1000"><sa>list,write</sa></channel>		
		<channel ch="enmeter1" type="f" triggerto="1000"><sa>list,read</sa><op>list,read</op></channel>
		<channel ch="enmeter2" type="f" triggerto="1000"><sa>list,read</sa><op>list,read</op></channel>		
		<channel snmpnode="3.1.1" snmpmode="r" ch="rmslsw1" type="f" triggerto="1000"><sa>list,read</sa><op>list,read</op></channel>	
		<channel snmpnode="3.2.1" snmpmode="r" ch="rmslsw2" type="f" triggerto="1000"><sa>list,read</sa><op>list,read</op></channel>
		<channel snmpnode="3.3.1" snmpmode="r" ch="rmslsw3" type="f" triggerto="1000"><sa>list,read</sa><op>list,read</op></channel>
		<channel snmpnode="3.4.1" snmpmode="r" ch="rmslsw4" type="f" triggerto="1000"><sa>list,read</sa><op>list,read</op></channel>
		<channel snmpnode="3.5.1" snmpmode="r" ch="rmslsw5" type="f" triggerto="1000"><sa>list,read</sa><op>list,read</op></channel>
		<channel snmpnode="3.6.1" snmpmode="r" ch="rmslsw6" type="f" triggerto="1000"><sa>list,read</sa><op>list,read</op></channel>
		<channel snmpnode="3.9.1" snmpmode="r" ch="rmslsw9" type="f" triggerto="1000"><sa>list,read</sa><op>list,read</op></channel>
		<channel ch="peaklsw1" type="f" triggerto="1000"><sa>list,read</sa><op>list,read</op></channel>
		<channel ch="peaklsw2" type="f" triggerto="1000"><sa>list,read</sa><op>list,read</op></channel>
		<channel ch="peaklsw3" type="f" triggerto="1000"><sa>list,read</sa><op>list,read</op></channel>
		<channel ch="peaklsw4" type="f" triggerto="1000"><sa>list,read</sa><op>list,read</op></channel>
		<channel ch="peaklsw5" type="f" triggerto="1000"><sa>list,read</sa><op>list,read</op></channel>
		<channel ch="peaklsw6" type="f" triggerto="1000"><sa>list,read</sa><op>list,read</op></channel>
		<channel ch="peaklsw9" type="f" triggerto="1000"><sa>list,read</sa><op>list,read</op></channel>
		<channel snmpnode="1.1.1" snmpmode="r" ch="rmsleadin1" type="f" triggerto="1000"><sa>list,read</sa><op>list,read</op></channel>
		<channel snmpnode="1.2.1" snmpmode="r" ch="rmsleadin2" type="f" triggerto="1000"><sa>list,read</sa><op>list,read</op></channel>
		<channel ch="peakleadin1" type="f" triggerto="1000"><sa>list,read</sa><op>list,read</op></channel>
		<channel ch="peakleadin2" type="f" triggerto="1000"><sa>list,read</sa><op>list,read</op></channel>
		<channel snmpnode="2.1.1" snmpmode="r" ch="rmsrect1" type="f" triggerto="1000"><sa>list,read</sa><op>list,read</op></channel>
		<channel snmpnode="2.2.1" snmpmode="r" ch="rmsrect2" type="f" triggerto="1000"><sa>list,read</sa><op>list,read</op></channel>
		<channel snmpnode="2.3.1" snmpmode="r" ch="rmsrect3" type="f" triggerto="1000"><sa>list,read</sa><op>list,read</op></channel>
		<channel ch="peakrect1" type="f" triggerto="1000"><sa>list,read</sa><op>list,read</op></channel>
		<channel ch="peakrect2" type="f" triggerto="1000"><sa>list,read</sa><op>list,read</op></channel>
		<channel ch="peakrect3" type="f" triggerto="1000"><sa>list,read</sa><op>list,read</op></channel>
		<channel ch="peakcth1" type="f" triggerfile="c:\Program Files\Exst\ctrlcth.trigger" triggerr="CthRead1" triggerto="1000"><sa>list,read</sa><op>list,read</op></channel>
		<channel ch="peakcth2" type="f" triggerfile="c:\Program Files\Exst\ctrlcth.trigger" triggerr="CthRead2" triggerto="1000"><sa>list,read</sa><op>list,read</op></channel>
		<channel ch="peakcth3" type="f" triggerfile="c:\Program Files\Exst\ctrlcth.trigger" triggerr="CthRead3" triggerto="1000"><sa>list,read</sa><op>list,read</op></channel>
		<channel ch="peakcth4" type="f" triggerfile="c:\Program Files\Exst\ctrlcth.trigger" triggerr="CthRead4" triggerto="1000"><sa>list,read</sa><op>list,read</op></channel>
		<channel ch="peakcth5" type="f" triggerfile="c:\Program Files\Exst\ctrlcth.trigger" triggerr="CthRead5" triggerto="1000"><sa>list,read</sa><op>list,read</op></channel>
		<channel ch="peakcth6" type="f" triggerfile="c:\Program Files\Exst\ctrlcth.trigger" triggerr="CthRead6" triggerto="1000"><sa>list,read</sa><op>list,read</op></channel>
		<channel ch="ctrlleadin1" type="i" triggerfile="c:\Program Files\Exst\ctrlleadin.trigger" triggerw="LeadinWrite1" triggerto="1000"><sa>list,read,write</sa><op>list,read,write</op></channel>
		<channel ch="ctrlleadin2" type="i" triggerfile="c:\Program Files\Exst\ctrlleadin.trigger" triggerw="LeadinWrite2" triggerto="1000"><sa>list,read,write</sa><op>list,read,write</op></channel>
		<channel ch="ctrlrect1" type="i" triggerfile="c:\Program Files\Exst\ctrlrect.trigger" triggerw="RectWrite1" triggerto="1000"><sa>list,read,write</sa><op>list,read,write</op></channel>
		<channel ch="ctrlrect2" type="i" triggerfile="c:\Program Files\Exst\ctrlrect.trigger" triggerw="RectWrite2" triggerto="1000"><sa>list,read,write</sa><op>list,read,write</op></channel>
		<channel ch="ctrlrect3" type="i" triggerfile="c:\Program Files\Exst\ctrlrect.trigger" triggerw="RectWrite3" triggerto="1000"><sa>list,read,write</sa><op>list,read,write</op></channel>
		<channel ch="ctrllsw1" type="i" triggerfile="c:\Program Files\Exst\ctrllsw.trigger" triggerw="LswWrite1" triggerto="1000"><sa>list,read,write</sa><op>list,read,write</op></channel>
		<channel ch="ctrllsw2" type="i" triggerfile="c:\Program Files\Exst\ctrllsw.trigger" triggerw="LswWrite2" triggerto="1000"><sa>list,read,write</sa><op>list,read,write</op></channel>
		<channel ch="ctrllsw3" type="i" triggerfile="c:\Program Files\Exst\ctrllsw.trigger" triggerw="LswWrite3" triggerto="1000"><sa>list,read,write</sa><op>list,read,write</op></channel>
		<channel ch="ctrllsw4" type="i" triggerfile="c:\Program Files\Exst\ctrllsw.trigger" triggerw="LswWrite4" triggerto="1000"><sa>list,read,write</sa><op>list,read,write</op></channel>
		<channel ch="ctrllsw5" type="i" triggerfile="c:\Program Files\Exst\ctrllsw.trigger" triggerw="LswWrite5" triggerto="1000"><sa>list,read,write</sa><op>list,read,write</op></channel>
		<channel ch="ctrllsw6" type="i" triggerfile="c:\Program Files\Exst\ctrllsw.trigger" triggerw="LswWrite6" triggerto="1000"><sa>list,read,write</sa><op>list,read,write</op></channel>
		<channel ch="ctrllsw9" type="i" triggerfile="c:\Program Files\Exst\ctrllsw.trigger" triggerw="LswWrite9" triggerto="1000"><sa>list,read,write</sa><op>list,read,write</op></channel>
		<channel ch="ctrllswaon1" type="i" triggerto="1000"><sa>list,read,write</sa><op>list,read,write</op></channel>
		<channel ch="ctrllswaon2" type="i" triggerto="1000"><sa>list,read,write</sa><op>list,read,write</op></channel>
		<channel ch="ctrllswaon3" type="i" triggerto="1000"><sa>list,read,write</sa><op>list,read,write</op></channel>
		<channel ch="ctrllswaon4" type="i" triggerto="1000"><sa>list,read,write</sa><op>list,read,write</op></channel>
		<channel ch="ctrllswaon5" type="i" triggerto="1000"><sa>list,read,write</sa><op>list,read,write</op></channel>
		<channel ch="ctrllswaon6" type="i" triggerto="1000"><sa>list,read,write</sa><op>list,read,write</op></channel>
		<channel ch="ctrllswaon9" type="i" triggerto="1000"><sa>list,read,write</sa><op>list,read,write</op></channel>
	</channels>

	<scriptlets>
		<scriptlet name="init" entry="Main">c:\Program Files\Exst\init.script</scriptlet>
		<scriptlet name="lswcm" entry="Main">c:\Program Files\Exst\lswcm.script</scriptlet>
		<scriptlet name="rectcm" entry="Main">c:\Program Files\Exst\rectcm.script</scriptlet>
		<scriptlet name="leadincur" entry="Main">c:\Program Files\Exst\leadincur.script</scriptlet>
		<scriptlet name="rectcur" entry="Main">c:\Program Files\Exst\rectcur.script</scriptlet>
		<scriptlet name="lswcur" entry="Main">c:\Program Files\Exst\lswcur.script</scriptlet>
		<scriptlet name="tracking" entry="Main">c:\Program Files\Exst\tracking.script</scriptlet>
	</scriptlets>

	<eventhandler>
		<category1><e1>0</e1><e2>1023</e2><reptime>0</reptime></category1>
		<category2><e1>1024</e1><e2>2047</e2><reptime>0</reptime></category2>
		<category3><e1>2048</e1><e2>4095</e2><reptime>0</reptime></category3>		
	</eventhandler>

	<snmp>
		<oidregion>1.3.6.1.4.1.150000.5</oidregion>
		<trapoid>1.3.6.1.4.1.150000.5.0</trapoid>
	</snmp>


</config>

