<fooio>
	<channel_0 ch="ctrlleadin1"></channel_0>
	<channel_1 ch="ctrlleadin2"></channel_1>
	<channel_2 ch="ctrlrect1"></channel_2>
	<channel_3 ch="ctrlrect2"></channel_3>
	<channel_4 ch="ctrlrect3"></channel_4>
	<channel_5 ch="ctrllsw1"></channel_5>
	<channel_6 ch="ctrllsw2"></channel_6>
	<channel_7 ch="ctrllsw3"></channel_7>
	<channel_8 ch="ctrllsw4"></channel_8>
	<channel_9 ch="ctrllsw5"></channel_9>
	<channel_10 ch="ctrllsw6"></channel_10>
	<channel_11 ch="ctrllsw9"></channel_11>
	<channel_12 ch="rmslsw1"></channel_12>
	<channel_13 ch="rmslsw2"></channel_13>
	<channel_14 ch="rmslsw3"></channel_14>
	<channel_15 ch="rmslsw4"></channel_15>
	<channel_16 ch="rmslsw5"></channel_16>
	<channel_17 ch="rmslsw6"></channel_17>
	<channel_18 ch="rmslsw9"></channel_18>
	<channel_19 ch="peaklsw1"></channel_19>
	<channel_20 ch="peaklsw2"></channel_20>
	<channel_21 ch="peaklsw3"></channel_21>
	<channel_22 ch="peaklsw4"></channel_22>
	<channel_23 ch="peaklsw5"></channel_23>
	<channel_24 ch="peaklsw6"></channel_24>
	<channel_25 ch="peaklsw9"></channel_25>
	<channel_26 ch="rmsleadin1"></channel_26>
	<channel_27 ch="rmsleadin2"></channel_27>
	<channel_28 ch="peakleadin1"></channel_28>
	<channel_29 ch="peakleadin2"></channel_29>
	<channel_30 ch="rmsrect1"></channel_30>
	<channel_31 ch="rmsrect2"></channel_31>
	<channel_32 ch="rmsrect3"></channel_32>
	<channel_33 ch="peakrect1"></channel_33>
	<channel_34 ch="peakrect2"></channel_34>
	<channel_35 ch="peakrect3"></channel_35>
	<channel_36 ch="peakcth1"></channel_36>
	<channel_37 ch="peakcth2"></channel_37>
	<channel_38 ch="peakcth3"></channel_38>
	<channel_39 ch="peakcth4"></channel_39>
	<channel_40 ch="peakcth5"></channel_40>
	<channel_41 ch="peakcth6"></channel_41>
	<channel_42 ch="ctrllswaon1"></channel_42>
	<channel_43 ch="ctrllswaon2"></channel_43>
	<channel_44 ch="ctrllswaon3"></channel_44>
	<channel_45 ch="ctrllswaon4"></channel_45>
	<channel_46 ch="ctrllswaon5"></channel_46>
	<channel_47 ch="ctrllswaon6"></channel_47>
	<channel_48 ch="ctrllswaon9"></channel_48>
</fooio>